Last Name,First Name,Team(s),DOB,Birth City,S/P,Cntry,Nat,Ht,Wt,Sh,Dft Yr,Rd,Ovrl,GP,GS,GR,W,L,T,OTL,SA,SV,GA,SV%,GAA,GSAA,MIN,SO,G,A,PTS,PIM,PenT,PenD,PenDf,Supp,QoC,StMin,StSV,StGA,StSV%,StGAA,QS,QS%,RBS,Pull,ReMin,ReSV,ReGA,ReSV%,ReGAA,Dist,Reb,Rush,DS,HighS,HighG,HighSV%,MedS,MedG,LowS,LowG,AdjSV%,EVSA,EVGA,EV SV%,PP SA,PP GA,PP SV%,SH SA,SH GA,SH SV%,AdjSV%,CA,FA,SA,xGA,GA,TrueSV%,ExpSV%,xGSAA,ZS%,OZS,DZS,NZS,CF,FF,SF,xGF,GF,RebF,RushF,SOS,SOG,SO SV%,SOW,SOL,NMC,Status,Salary,Cap Hit,Pace,1st,2nd,3rd,Star,GPS,Ginj,Injuries,CHIP,,,,,,,,,,
Allen,Jake,STL,1990-08-07,Fredericton,NB,CAN,CAN,74,203,L,2008,2,34,61,60,1,33,20,0,5,1620,1482,138,.915,2.42,2.2,3418.3,4,0,1,1,4,2,2,0,2.42,8.50%,3400.5,1479,138,.915,2.43,33,55.0%,11,8,17.8,3,0,1.000,0.00,32.0,100,101,201,352,66,.813,593,55,675,17,.910,1350,110,.919,241,24,.900,29,4,.862,.915,3022,2241,1620,136.0,138,.954,.916,-2.0,46.6%,1041,1195,1050,2905,2190,1611,137.7,162,100,111,15,4,.733,1,2,,UFA,"$2,500,000.00","$2,350,000.00",104.0,9,7,6,22,9.8,,, ,,,,,,,,,,
Alves,Jorge,CAR,1979-01-30,Boston,MA,USA,USA,69,185,L,,,,1,0,1,0,0,0,0,0,0,0,.000,0.00,0.0,0.1,0,0,0,0,0,0,0,0,0.00,,0.0,0,0,.000,0.00,0,0.0%,0,,0.1,0,0,.000,0.00,NA,0,0,0,0,0,.000,0,0,0,0,.000,0,0,.000,0,0,.000,0,0,.000,.000,0,0,0,0.0,0,,,.0,100.0%,1,0,0,0,0,0,0.0,0,0,0,0,0,.000,0,0,,,,,0.0,,,,,0.0,,, ,,,,,,,,,,
Andersen,Frederik,TOR,1989-10-02,Herning,,DNK,DNK,76,230,L,2012,3,87,66,66,0,33,16,0,14,2052,1883,169,.918,2.67,8.6,3799.3,4,0,1,1,16,3,9,6,3.04,8.58%,3799.3,1883,169,.918,2.67,38,57.6%,11,6,0.0,0,0,.000,0.00,29.4,118,184,302,481,86,.821,842,73,730,10,.919,1704,133,.922,293,31,.894,55,5,.909,.918,3842,2923,2053,188.1,169,.956,.908,19.1,48.1%,1246,1345,1275,3689,2776,1949,192.8,204,107,209,23,11,.522,1,7,,UFA,"$5,000,000.00","$5,000,000.00",118.9,9,6,6,21,13.1,2,Upper body,"$121,951.22",,,,,,,,,,
Anderson,Craig,OTT,1981-05-21,Park Ridge,IL,USA,USA,74,187,L,2001,3,73,40,40,0,25,11,0,4,1247,1155,92,.926,2.28,15.9,2421.2,5,0,1,1,0,0,1,1,2.51,8.52%,2421.2,1155,92,.926,2.28,25,62.5%,4,1,0.0,0,0,.000,0.00,34.1,99,130,229,276,49,.822,406,32,565,11,.920,1051,62,.941,167,27,.838,29,3,.897,.925,2435,1739,1247,105.0,92,.962,.916,13.0,51.0%,837,803,748,2200,1632,1213,101.5,104,111,132,24,5,.792,3,3,,UFA,"$4,750,000.00","$4,200,000.00",114.9,8,2,5,15,9.2,2,Lower body,"$102,439.02",,,,,,,,,,
Bachman,Richard,VAN,1987-07-25,Salt Lake City,UT,USA,USA,70,183,L,2006,4,120,5,5,0,2,3,0,0,162,149,13,.920,2.64,1.0,295.2,0,0,0,0,0,0,0,0,2.28,9.07%,295.2,149,13,.920,2.64,2,40.0%,0,0,0.0,0,0,.000,0.00,27.3,8,16,24,48,8,.833,65,4,49,1,.929,141,11,.922,20,2,.900,1,0,1.000,.921,305,236,162,15.2,13,.957,.906,2.2,47.9%,93,101,92,253,185,127,11.2,9,4,19,0,0,.000,0,0,,UFA,"$575,000.00","$575,000.00",113.4,1,0,1,2,1.1,,, ,,,,,,,,,,
Bernier,Jonathan,ANA,1988-08-07,Laval,QC,CAN,CAN,72,184,L,2006,1,11,39,33,6,21,7,0,4,982,899,83,.915,2.50,2.0,1993.2,2,0,0,0,4,2,2,0,3.00,8.76%,1899.0,870,78,.918,2.46,19,57.6%,4,3,94.2,29,5,.853,3.18,27.8,65,96,161,216,43,.801,414,30,352,10,.914,782,60,.923,183,20,.891,17,3,.824,.916,1985,1489,982,92.2,83,.958,.906,9.2,44.2%,623,786,625,1800,1362,979,99.6,95,78,95,33,11,.667,1,3,,UFA,"$4,150,000.00","$4,150,000.00",113.9,5,0,2,7,6.0,3,Upper body,"$151,829.27",,,,,,,,,,
Berra,Reto,FLA,1987-01-03,Bulach,,CHE,CHE,76,210,L,2006,4,106,7,4,3,0,5,0,0,145,127,18,.876,3.45,-5.5,313.1,0,0,0,0,0,0,0,0,2.89,8.57%,236.9,99,17,.853,4.31,0,0.0%,2,0,76.3,28,1,.966,0.79,34.6,15,16,31,39,10,.744,56,6,50,2,.883,117,14,.880,22,2,.909,6,2,.667,.880,263,211,145,14.9,18,.932,.897,-3.1,54.5%,104,87,110,303,241,175,15.1,11,15,15,0,0,.000,0,0,,UFA,"$1,500,000.00","$1,450,000.00",108.5,,,,,0.2,,, ,,,,,,,,,,
Berube,Jean-Francois,NYI,1991-07-13,Repentigny,QC,CAN,CAN,73,177,L,2009,4,95,14,7,7,3,2,0,2,271,241,30,.889,3.42,-6.5,526.8,0,0,0,0,0,0,0,0,2.48,8.11%,389.1,177,23,.885,3.55,3,42.9%,2,1,137.7,64,7,.901,3.05,32.8,10,23,33,48,14,.708,109,11,114,5,.875,241,25,.896,26,5,.808,4,0,1.000,.886,465,365,271,21.2,30,.935,.922,-8.8,45.2%,169,205,181,536,384,279,21.8,31,15,23,0,0,.000,0,0,,UFA,"$675,000.00","$675,000.00",114.0,0,1,1,2,0.8,,, ,,,,,,,,,,
Bibeau,Antoine,TOR,1994-05-01,Victoriaville,QC,CAN,CAN,75,210,L,2013,6,172,2,2,0,1,1,0,0,55,51,4,.927,1.99,0.8,120.7,0,0,0,0,0,0,1,1,3.71,7.95%,120.7,51,4,.927,1.99,2,100.0%,0,0,0.0,0,0,.000,0.00,36.5,0,7,7,11,4,.636,20,0,24,0,.914,39,2,.949,11,2,.818,5,0,1.000,.931,114,87,55,4.6,4,.965,.916,.6,52.3%,46,42,36,148,116,78,7.5,3,2,5,0,0,.000,0,0,,RFA,"$680,000.00","$655,000.00",130.3,,,,,0.4,,, ,,,,,,,,,,
Bishop,Ben,"TBL, LAK",1986-11-21,Denver,CO,USA,USA,79,216,L,2005,3,85,39,37,2,18,15,0,5,1040,946,94,.910,2.54,-4.0,2222.6,1,0,0,0,10,5,3,-2,2.79,8.52%,2139.6,923,91,.910,2.55,19,51.4%,6,4,83.0,23,3,.885,2.17,33.1,68,121,189,234,43,.816,412,43,394,8,.909,858,71,.917,161,21,.870,21,2,.905,.910,1923,1463,1040,90.6,94,.951,.913,-3.4,52.0%,808,746,744,2095,1596,1140,103.4,99,89,102,28,8,.714,3,2,"M-NTC, NMC",UFA,"$5,950,000.00","$5,950,000.00",108.5,0,1,5,6,5.7,9,Lower body,"$653,048.78",,,,,,,,,,
Bobrovsky,Sergei,CBJ,1988-09-20,Novokuznetsk,,RUS,RUS,74,182,L,,,,63,63,0,41,17,0,5,1854,1727,127,.931,2.06,33.4,3707.1,7,0,0,0,8,4,5,1,2.74,8.72%,3707.1,1727,127,.931,2.06,41,65.1%,5,3,0.0,0,0,.000,0.00,31.4,156,106,262,473,69,.854,676,43,705,15,.933,1553,97,.938,265,29,.891,36,1,.972,.931,3452,2561,1854,179.8,127,.963,.903,52.8,47.8%,1213,1327,1136,3315,2491,1838,169.3,178,127,141,5,2,.600,0,2,NMC,UFA,"$8,500,000.00","$7,425,000.00",109.5,17,6,6,29,14.9,2,Illness,"$181,097.56",,,,,,,,,,
Brossoit,Laurent,EDM,1993-03-23,Port Alberni,BC,CAN,CAN,75,204,L,2011,6,164,8,4,4,4,1,0,0,153,142,11,.928,1.99,2.2,332.5,0,0,0,0,0,0,0,0,2.94,8.48%,238.3,101,9,.918,2.27,2,50.0%,0,0,94.2,41,2,.953,1.27,21.7,10,16,26,34,5,.853,87,6,32,0,.939,132,9,.932,18,1,.944,3,1,.667,.928,305,213,153,14.8,11,.964,.903,3.8,55.3%,125,101,127,308,232,183,16.3,23,9,18,0,0,.000,0,0,,RFA,"$650,000.00","$750,000.00",110.6,1,1,0,2,1.2,,, ,,,,,,,,,,
Budaj,Peter,"LAK, TBL",1982-09-18,Banská Bystrica,,SVK,SVK,73,196,L,2001,2,63,60,55,5,30,21,0,3,1414,1294,120,.915,2.18,2.4,3308.3,7,0,1,1,0,0,1,1,2.67,8.65%,3227.9,1264,117,.915,2.17,32,58.2%,7,5,80.3,30,3,.909,2.24,35.3,102,154,256,298,59,.802,587,47,529,14,.912,1172,89,.924,207,28,.865,35,3,.914,.915,2763,2029,1414,128.5,120,.957,.909,8.5,54.6%,1202,1000,1030,3198,2387,1676,147.0,145,133,153,13,7,.462,1,3,,UFA,"$600,000.00","$600,000.00",108.1,4,7,4,15,8.6,,, ,,,,,,,,,,
Campbell,Jack,LAK,1992-01-09,Port Huron,MI,USA,USA,74,197,L,2010,1,11,1,0,1,0,0,0,0,5,5,0,1.000,0.00,0.4,20.0,0,0,0,0,0,0,0,0,2.55,8.77%,0.0,0,0,.000,0.00,0,0.0%,0,,20.0,5,0,1.000,0.00,46.8,0,0,0,0,0,.000,1,0,4,0,.763,4,0,1.000,1,0,1.000,0,0,.000,.977,10,10,5,0.3,0,1.000,.946,.3,61.5%,8,5,5,22,19,12,0.9,0,0,1,0,0,.000,0,0,,,,,96.0,,,,,0.1,,, ,,,,,,,,,,
Comrie,Eric,WPG,1995-07-06,Edmonton,AB,CAN,CAN,73,175,L,2013,2,59,1,1,0,1,0,0,0,39,35,4,.897,4.05,-0.6,59.3,0,0,0,0,0,0,0,0,2.89,9.40%,59.3,35,4,.897,4.05,0,0.0%,0,0,0.0,0,0,.000,0.00,30.4,4,1,5,11,3,.727,13,0,15,1,.910,38,4,.895,0,0,.000,1,0,1.000,.767,71,50,39,4.2,4,.944,.892,.2,43.6%,17,22,16,52,40,31,2.9,5,0,2,0,0,.000,0,0,,RFA,"$575,000.00","$645,000.00",124.5,,,,,0.2,,, ,,,,,,,,,,
Condon,Mike,"PIT, OTT",1990-04-27,Holliston,MA,USA,USA,74,197,L,,,,41,38,3,19,14,0,6,1122,1026,96,.914,2.48,1.1,2324.4,5,0,0,0,4,2,4,2,2.44,8.83%,2254.0,995,94,.914,2.50,19,50.0%,7,2,70.5,31,2,.939,1.70,32.0,88,90,178,229,40,.825,485,44,408,12,.913,910,77,.915,173,19,.890,39,0,1.000,.914,2234,1628,1122,100.5,96,.957,.910,4.5,50.0%,810,811,743,2108,1548,1113,94.6,94,89,109,13,3,.769,3,1,,UFA,"$575,000.00","$575,000.00",112.1,9,1,4,14,6.8,,, ,,,,,,,,,,
Copley,Pheonix,STL,1992-01-18,North Pole,AK,USA,USA,76,196,L,,,,1,1,0,0,1,0,0,29,24,5,.828,5.09,-2.5,58.9,0,0,0,0,0,0,0,0,3.11,9.57%,58.9,24,5,.828,5.09,0,0.0%,1,0,0.0,0,0,.000,0.00,0.0,1,3,4,0,0,.000,29,5,0,0,.318,20,2,.900,7,3,.571,2,0,1.000,.854,48,37,29,2.5,5,.896,.915,-2.5,59.0%,23,16,22,55,46,37,3.1,3,3,2,0,0,.000,0,0,,UFA,"$708,750.00","$708,750.00",104.9,,,,,-0.1,,, ,,,,,,,,,,
Coreau,Jared,DET,1991-11-05,Perth,ON,CAN,CAN,78,220,L,,,,14,14,0,5,4,0,3,362,321,41,.887,3.46,-9.7,711.7,2,0,0,0,0,0,0,0,2.63,8.61%,711.7,321,41,.887,3.46,5,35.7%,6,3,0.0,0,0,.000,0.00,24.7,22,30,52,77,19,.753,167,17,119,5,.887,291,31,.893,60,7,.883,11,3,.727,.888,669,513,363,34.6,41,.939,.905,-6.4,49.6%,230,234,250,620,465,331,31.2,32,14,30,3,1,.667,1,0,,RFA,"$575,000.00","$612,500.00",108.7,1,1,1,3,1.0,,, ,,,,,,,,,,
Crawford,Corey,CHI,1984-12-31,Montreal,QC,CAN,CAN,74,216,L,2003,2,52,55,55,0,32,18,0,4,1691,1553,138,.918,2.55,8.3,3246.9,2,0,1,1,2,1,3,2,2.54,8.71%,3246.9,1553,138,.918,2.55,29,52.7%,7,4,0.0,0,0,.000,0.00,30.3,119,173,292,412,73,.823,658,46,621,19,.920,1397,100,.928,255,35,.863,39,3,.923,.919,3060,2270,1691,149.6,138,.955,.912,11.6,50.9%,1066,1029,1011,3024,2191,1645,137.5,146,65,124,14,2,.857,3,1,"M-NTC, NMC",UFA,"$6,000,000.00","$6,000,000.00",112.4,8,5,0,13,11.0,11,"Appendectomy, Illness","$804,878.05",,,,,,,,,,
Darling,Scott,CHI,1988-12-22,Newport News,VA,USA,USA,78,232,L,2007,6,153,32,27,5,18,5,0,5,877,810,67,.924,2.38,8.9,1688.6,2,0,0,0,0,0,0,0,2.56,8.58%,1630.3,797,62,.928,2.28,17,63.0%,1,0,58.3,13,5,.722,5.14,30.0,63,99,162,222,34,.847,322,24,333,9,.925,752,51,.932,102,12,.882,23,4,.826,.922,1574,1145,877,76.0,67,.957,.913,9.0,52.1%,539,496,529,1507,1084,812,72.0,87,58,65,3,1,.667,1,0,,UFA,"$600,000.00","$587,500.00",109.5,5,5,5,15,6.2,5,Upper body,"$35,823.17",,,,,,,,,,
Dell,Aaron,SJS,1989-05-04,Airdrie,AB,CAN,CAN,72,205,L,,,,20,17,3,11,6,0,1,533,496,37,.931,2.00,9.1,1110.6,1,0,0,0,0,0,0,0,2.48,8.71%,1014.4,450,33,.932,1.95,12,70.6%,1,0,96.1,46,4,.920,2.50,30.9,46,71,117,120,22,.817,207,14,206,1,.929,465,25,.946,56,9,.839,12,3,.750,.926,1077,759,533,48.6,37,.966,.909,11.6,49.8%,359,362,342,1035,749,491,46.0,43,42,46,0,0,.000,0,0,,UFA,"$575,000.00","$625,000.00",114.1,3,3,2,8,4.2,,, ,,,,,,,,,,
Domingue,Louis,ARI,1992-03-06,St-Hyacinthe,QC,CAN,CAN,75,210,R,2010,5,138,31,26,5,11,15,0,1,888,806,82,.908,3.08,-5.2,1598.7,0,0,0,0,0,0,0,0,2.18,8.61%,1491.4,764,76,.910,3.06,12,46.2%,4,2,107.3,42,6,.875,3.35,29.4,73,55,128,202,43,.787,341,27,345,12,.906,729,58,.920,139,23,.835,20,1,.950,.909,1668,1262,888,83.7,82,.951,.906,1.7,44.5%,494,615,507,1349,1003,699,58.2,62,54,67,15,1,.933,3,0,,RFA,"$1,000,000.00","$1,050,000.00",113.2,3,0,2,5,4.6,6,"Lower body, Lower body","$76,829.27",,,,,,,,,,
Driedger,Chris,OTT,1994-05-18,Winnipeg,MB,CAN,CAN,76,205,L,2012,3,76,1,0,1,0,1,0,0,15,11,4,.733,6.00,-2.7,40.0,0,0,0,0,0,0,0,0,2.55,8.95%,0.0,0,0,.000,0.00,0,0.0%,0,,40.0,11,4,.733,6.00,42.3,1,4,5,1,1,.000,8,2,6,1,.604,14,4,.714,1,0,1.000,0,0,.000,.740,39,26,15,1.4,4,.897,.904,-2.6,63.9%,23,13,10,43,33,22,1.7,0,3,0,0,0,.000,0,0,,RFA,"$780,000.00","$755,000.00",123.0,,,,,-0.2,,, ,,,,,,,,,,
Dubnyk,Devan,MIN,1986-05-04,Regina,SK,CAN,CAN,78,213,L,2004,1,14,65,63,2,40,19,0,5,1842,1701,141,.923,2.25,18.4,3758.0,5,0,0,0,10,5,6,1,2.68,8.65%,3729.3,1683,140,.923,2.25,39,61.9%,7,1,28.7,18,1,.947,2.09,31.8,92,112,204,330,66,.800,667,57,842,18,.912,1554,110,.929,253,29,.885,35,2,.943,.923,3442,2564,1839,140.1,141,.959,.924,-.9,49.8%,1249,1258,1171,3406,2569,1875,167.9,191,152,146,20,7,.650,3,2,M-NTC,UFA,"$5,000,000.00","$4,333,333.00",109.3,8,6,8,22,13.1,,, ,,,,,,,,,,
Elliott,Brian,CGY,1985-04-09,Newmarket,ON,CAN,CAN,74,209,L,2003,9,291,49,45,4,26,18,0,3,1338,1217,121,.910,2.55,-5.2,2844.4,2,0,0,0,4,2,0,-2,2.61,8.61%,2699.9,1158,113,.911,2.51,26,57.8%,4,1,144.5,59,8,.881,3.32,34.7,87,113,200,328,73,.777,482,37,530,11,.910,1068,88,.918,236,30,.873,34,3,.912,.911,2482,1851,1340,119.1,121,.951,.911,-1.9,47.4%,944,1046,913,2659,1958,1397,123.7,137,92,135,12,2,.833,2,1,,UFA,"$2,700,000.00","$2,500,000.00",108.4,6,7,5,18,7.3,1,Illness,"$30,487.80",,,,,,,,,,
Enroth,Jhonas,TOR,1988-06-25,Stockholm,,SWE,SWE,70,175,L,2006,2,46,6,4,2,0,3,0,1,141,123,18,.872,3.94,-5.8,274.4,0,0,0,0,0,0,0,0,3.19,8.73%,243.0,106,15,.876,3.70,0,0.0%,0,0,31.4,17,3,.850,5.73,37.6,5,8,13,37,7,.811,51,8,53,3,.873,117,17,.855,21,1,.952,3,0,1.000,.872,242,190,141,12.7,18,.926,.910,-5.3,50.0%,91,91,79,272,208,146,14.6,7,10,12,3,1,.667,0,1,,UFA,"$750,000.00","$750,000.00",112.4,,,,,0.2,,, ,,,,,,,,,,
Fleury,Marc-Andre,PIT,1984-11-28,Sorel,QC,CAN,CAN,74,180,L,2003,1,1,38,34,4,18,10,0,7,1181,1074,107,.909,3.02,-4.8,2125.3,1,0,0,0,6,3,2,-1,3.19,8.80%,2008.7,1003,101,.909,3.02,16,47.1%,5,3,116.6,71,6,.922,3.09,32.3,106,89,195,348,64,.816,417,37,416,6,.917,964,80,.917,193,26,.865,24,1,.958,.910,2084,1548,1181,112.0,107,.949,.905,5.0,54.2%,789,667,724,2073,1560,1161,113.0,104,102,82,15,7,.533,2,3,"M-NTC, NMC",UFA,"$5,750,000.00","$5,750,000.00",117.4,5,3,3,11,6.4,,, ,,,,,,,,,,
Forsberg,Anton,CBJ,1992-11-27,Härnösand,,SWE,SWE,75,192,L,2011,7,188,1,1,0,0,1,0,0,27,23,4,.852,4.10,-1.7,58.6,0,0,0,0,0,0,0,0,3.59,8.21%,58.6,23,4,.852,4.10,0,0.0%,0,0,0.0,0,0,.000,0.00,31.5,1,2,3,7,4,.429,8,0,12,0,.865,27,4,.852,0,0,.000,0,0,.000,.708,50,39,27,2.1,4,.920,.921,-1.9,54.3%,25,21,18,58,41,26,3.5,3,0,3,0,0,.000,0,0,,RFA,"$650,000.00","$650,000.00",110.6,,,,,0.0,,, ,,,,,,,,,,
Gibson,John,ANA,1993-07-14,Pittsburgh,PA,USA,USA,75,226,L,2011,2,39,52,49,3,25,16,0,9,1437,1328,109,.924,2.22,15.4,2950.4,6,0,1,1,4,2,3,1,2.86,8.55%,2850.5,1281,106,.924,2.23,28,57.1%,7,6,99.9,47,3,.940,1.80,30.6,100,109,209,375,69,.816,564,29,499,11,.928,1153,83,.928,252,23,.909,32,3,.906,.925,2657,2009,1438,138.7,109,.959,.904,29.7,48.6%,976,1034,848,2719,2047,1414,140.9,122,111,135,9,2,.778,2,0,,RFA,"$1,500,000.00","$2,300,000.00",109.3,7,8,2,17,10.3,13,Lowe body,"$364,634.15",,,,,,,,,,
Gillies,Jon,CGY,1994-01-22,Concord,NH,USA,USA,78,223,L,2012,3,75,1,1,0,1,0,0,0,28,27,1,.964,1.00,1.4,60.0,0,0,0,0,0,0,0,0,2.71,7.54%,60.0,27,1,.964,1.00,1,100.0%,0,0,0.0,0,0,.000,0.00,23.0,7,1,8,6,0,1.000,9,1,13,0,.957,25,1,.960,3,0,1.000,0,0,.000,.944,57,46,28,3.5,1,.982,.875,2.5,39.0%,16,25,19,52,33,24,2.7,4,2,7,0,0,.000,0,0,,RFA,"$925,000.00","$925,000.00",109.0,1,0,0,1,0.3,,, ,,,,,,,,,,
Greiss,Thomas,NYI,1986-01-29,Fussen,,DEU,DEU,73,228,L,2004,3,94,51,49,2,26,18,0,5,1453,1327,126,.913,2.69,-0.3,2813.3,3,0,1,1,0,0,4,4,2.60,8.68%,2744.2,1300,121,.915,2.65,30,61.2%,11,7,69.1,27,5,.844,4.34,29.5,84,133,217,370,68,.816,604,47,479,11,.918,1245,100,.920,174,21,.879,34,5,.853,.912,2861,2086,1453,138.2,126,.956,.905,12.2,50.1%,886,883,843,2562,1921,1386,121.9,134,79,136,19,8,.579,1,2,,UFA,"$2,000,000.00","$1,500,000.00",115.7,2,6,6,14,8.6,,, ,,,,,,,,,,
Grubauer,Philipp,WSH,1991-11-25,Rosenheim,,DEU,DEU,73,182,L,2010,4,112,24,19,5,13,6,0,2,585,542,43,.926,2.04,7.6,1264.6,3,0,0,0,0,0,1,1,2.46,8.24%,1139.6,504,37,.932,1.95,13,68.4%,1,0,124.9,38,6,.864,2.88,32.5,48,55,103,149,26,.826,235,16,201,1,.931,463,29,.937,111,13,.883,11,1,.909,.929,1108,829,585,55.7,43,.961,.905,12.7,47.3%,385,429,385,1132,835,601,51.8,68,37,49,2,0,1.000,1,0,,RFA,"$850,000.00","$750,000.00",106.3,6,1,0,7,4.4,,, ,,,,,,,,,,
Gudlevskis,Kristers,TBL,1992-07-31,Aizkraukle,,LVA,LVA,75,223,L,2013,5,124,1,0,1,0,0,0,0,3,3,0,1.000,0.00,0.3,11.5,0,0,0,0,0,0,0,0,3.35,10.06%,0.0,0,0,.000,0.00,0,0.0%,0,,11.5,3,0,1.000,0.00,60.9,0,0,0,0,0,.000,2,0,1,0,.763,3,0,1.000,0,0,.000,0,0,.000,.831,7,6,3,0.3,0,1.000,.910,.3,50.0%,3,3,3,17,10,7,0.6,0,1,0,0,0,.000,0,0,,,,,125.8,,,,,0.0,,, ,,,,,,,,,,
Gustavsson,Jonas,EDM,1984-10-24,Danderyd,,SWE,SWE,76,201,L,,,,7,5,2,1,3,0,1,139,122,17,.878,3.10,-5.0,329.0,0,0,0,0,0,0,0,0,2.48,8.45%,299.9,112,17,.868,3.40,2,40.0%,3,0,29.1,10,0,1.000,0.00,42.1,7,10,17,34,8,.765,54,7,51,2,.880,122,13,.893,16,3,.813,1,1,.000,.861,272,196,139,12.0,17,.938,.913,-5.0,51.4%,113,107,106,314,233,165,13.6,14,15,10,0,0,.000,0,0,,UFA,"$800,000.00","$800,000.00",106.9,0,1,0,1,0.2,2,Head,"$19,512.20",,,,,,,,,,
Halak,Jaroslav,NYI,1985-05-13,Bratislava,,SVK,SVK,71,181,L,2003,9,271,28,26,2,12,9,0,5,885,810,75,.915,2.80,1.6,1605.5,2,0,1,1,0,0,1,1,2.72,8.86%,1508.0,769,70,.917,2.79,14,53.8%,3,3,97.5,41,5,.891,3.08,30.9,48,61,109,251,43,.829,303,21,331,11,.920,701,59,.916,169,15,.911,15,1,.933,.916,1715,1228,885,82.9,75,.956,.906,7.9,48.4%,516,550,478,1412,1047,787,72.7,70,53,69,8,3,.625,1,2,,UFA,"$4,750,000.00","$4,500,000.00",116.9,4,1,1,6,5.4,,, ,,,,,,,,,,
Hammond,Andrew,OTT,1988-02-11,Surrey,BC,CAN,CAN,74,215,L,,,,6,4,2,0,2,0,0,86,72,14,.837,4.08,-6.6,205.7,0,0,0,0,0,0,0,0,2.18,8.87%,156.7,54,12,.818,4.59,1,25.0%,3,2,48.9,18,2,.900,2.45,41.8,4,10,14,31,8,.742,20,4,35,2,.840,76,10,.868,9,4,.556,1,0,1.000,.826,161,123,86,10.0,14,.913,.884,-4.0,60.3%,88,58,56,211,149,103,7.5,4,7,11,0,0,.000,0,0,,UFA,"$1,350,000.00","$1,350,000.00",108.5,,,,,-0.3,22,"Groin, Ankle","$362,195.12",,,,,,,,,,
Hellberg,Magnus,NYR,1991-04-04,Uppsala,,SWE,SWE,78,209,L,2011,2,38,2,1,1,1,0,0,0,28,26,2,.929,1.53,0.4,78.5,0,0,0,0,0,0,0,0,3.31,9.60%,60.0,22,2,.917,2.00,1,100.0%,0,0,18.5,4,0,1.000,0.00,25.3,2,3,5,8,2,.750,9,0,11,0,.941,27,2,.926,0,0,.000,1,0,1.000,.792,66,42,28,3.2,2,.970,.887,1.2,52.3%,34,31,26,80,62,45,4.3,6,2,1,0,0,.000,0,0,,UFA,"$650,000.00","$625,000.00",111.6,0,0,1,1,0.2,,, ,,,,,,,,,,
Hellebuyck,Connor,WPG,1993-05-19,Commerce,MI,USA,USA,76,207,L,2012,5,130,56,53,3,26,19,0,4,1572,1426,146,.907,2.89,-10.0,3033.5,4,0,0,0,0,0,1,1,2.83,8.60%,2958.4,1399,144,.907,2.92,25,47.2%,9,9,75.1,27,2,.931,1.60,33.4,102,170,272,387,82,.788,519,43,639,17,.908,1259,104,.917,269,38,.859,44,4,.909,.909,2809,2097,1545,138.6,142,.949,.910,-3.4,48.7%,948,998,945,2631,2016,1485,143.3,147,108,175,16,4,.750,3,1,,RFA,"$692,500.00","$667,500.00",107.6,7,1,2,10,8.1,,, ,,,,,,,,,,
Holtby,Braden,WSH,1989-09-16,Lloydminster,SK,CAN,CAN,74,217,L,2008,4,93,63,63,0,42,13,0,6,1690,1563,127,.925,2.07,19.3,3680.2,9,0,0,0,0,0,2,2,2.79,8.80%,3680.2,1563,127,.925,2.07,39,61.9%,8,5,0.0,0,0,.000,0.00,33.9,138,207,345,437,84,.808,594,39,659,4,.927,1453,95,.935,197,30,.848,40,2,.950,.922,3249,2428,1690,161.7,127,.961,.904,34.7,51.9%,1255,1162,1147,3483,2603,1859,171.2,190,119,178,22,11,.500,1,5,,UFA,"$7,000,000.00","$6,100,000.00",109.8,11,8,7,26,12.3,,, ,,,,,,,,,,
Howard,Jimmy,DET,1984-03-26,Syracuse,NY,USA,USA,73,218,L,2003,2,64,26,24,2,10,11,0,1,675,626,49,.927,2.10,9.4,1396.7,1,0,0,0,2,1,0,-1,2.39,8.40%,1341.2,606,48,.927,2.15,16,66.7%,4,3,55.5,20,1,.952,1.08,32.3,47,73,120,163,28,.828,230,12,282,9,.927,561,41,.927,93,7,.925,21,1,.952,.927,1271,957,675,60.9,49,.961,.910,11.9,49.6%,483,491,411,1162,871,625,55.5,42,33,58,6,1,.833,2,0,M-NTC,UFA,"$5,500,000.00","$5,291,667.00",104.5,6,2,2,10,5.1,38,"Groin, Knee","$2,452,235.93",,,,,,,,,,
Hutchinson,Michael,WPG,1990-03-02,Barrie,ON,CAN,CAN,75,202,R,2008,3,77,28,20,8,9,12,0,3,690,623,67,.903,2.92,-7.3,1378.3,1,0,0,0,0,0,0,0,2.34,8.63%,1154.3,536,56,.905,2.91,8,40.0%,1,2,224.1,87,11,.888,2.95,28.8,41,69,110,159,35,.780,273,25,259,7,.902,549,47,.914,119,18,.849,22,2,.909,.905,1253,931,691,58.9,67,.947,.915,-8.1,45.9%,411,485,453,1146,840,592,53.7,51,40,73,0,0,.000,0,0,,UFA,"$1,000,000.00","$1,150,000.00",104.4,2,1,1,4,3.2,,, ,,,,,,,,,,
Hutton,Carter,STL,1985-12-19,Thunder Bay,ON,CAN,CAN,73,195,L,,,,30,21,9,13,8,0,2,663,605,58,.913,2.39,-0.6,1459.1,4,0,1,1,4,2,2,0,2.35,8.94%,1247.4,525,46,.919,2.21,11,52.4%,3,1,211.7,80,12,.870,3.40,30.1,48,49,97,137,25,.818,299,28,227,5,.912,536,44,.918,112,13,.884,15,1,.933,.913,1264,930,663,58.0,58,.954,.913,.0,48.9%,490,512,464,1266,940,659,57.1,65,43,52,4,1,.750,1,0,,UFA,"$1,250,000.00","$1,125,000.00",104.0,5,3,1,9,3.8,,, ,,,,,,,,,,
Jarry,Tristan,PIT,1995-04-29,Surrey,BC,CAN,CAN,74,194,L,2013,2,44,1,1,0,0,1,0,0,25,22,3,.880,3.06,-0.8,58.8,0,0,0,0,0,0,0,0,2.75,9.86%,58.8,22,3,.880,3.06,0,0.0%,0,0,0.0,0,0,.000,0.00,28.0,0,1,1,8,0,1.000,8,2,9,1,.862,24,2,.917,1,1,.000,0,0,.000,.762,50,38,25,2.7,3,.940,.890,-.3,48.0%,24,26,18,55,35,24,2.7,2,2,3,0,0,.000,0,0,,RFA,"$575,000.00","$630,833.00",107.2,,,,,0.0,,, ,,,,,,,,,,
Johnson,Chad,CGY,1986-06-10,Saskatoon,SK,CAN,CAN,75,196,L,2006,5,125,36,36,0,18,15,0,1,969,882,87,.910,2.59,-3.1,2013.2,3,0,0,0,0,0,0,0,2.40,8.62%,2013.2,882,87,.910,2.59,18,50.0%,7,4,0.0,0,0,.000,0.00,28.8,69,87,156,244,48,.803,374,31,351,8,.913,787,65,.917,160,20,.875,22,2,.909,.911,1850,1392,969,94.3,87,.953,.903,7.3,48.3%,641,686,628,1699,1257,935,80.7,79,58,93,10,2,.800,2,1,,UFA,"$1,700,000.00","$1,700,000.00",105.8,7,2,1,10,5.4,2,Lower body,"$41,463.41",,,,,,,,,,
Jones,Martin,SJS,1990-01-10,North Vancouver,BC,CAN,CAN,76,190,L,,,,65,65,0,35,23,0,6,1725,1573,152,.912,2.40,-2.7,3800.4,2,0,0,0,0,0,1,1,2.84,8.59%,3800.4,1573,152,.912,2.40,39,60.0%,8,3,0.0,0,0,.000,0.00,32.0,120,188,308,441,83,.812,681,55,600,14,.916,1401,118,.916,276,32,.884,48,2,.958,.912,3509,2484,1722,167.9,152,.957,.902,15.9,52.7%,1276,1146,1245,3734,2714,1912,180.1,175,139,174,9,2,.778,2,1,,UFA,"$3,000,000.00","$3,000,000.00",114.4,9,1,6,16,9.9,,, ,,,,,,,,,,
Khudobin,Anton,BOS,1986-05-07,Ust-Kamenogorsk,,KAZ,RUS,71,195,L,2004,7,206,16,14,2,7,6,0,1,405,366,39,.904,2.64,-4.0,884.8,0,0,1,1,2,1,0,-1,2.69,8.59%,818.1,334,36,.903,2.64,5,35.7%,2,1,66.7,32,3,.914,2.70,37.2,16,33,49,102,25,.755,139,11,165,3,.905,331,31,.906,61,5,.918,13,3,.769,.905,737,562,406,34.2,39,.947,.916,-4.8,50.2%,307,305,262,915,672,443,39.7,37,29,29,3,1,.667,1,0,,UFA,"$1,200,000.00","$1,200,000.00",112.0,2,2,0,4,1.9,15,Upper body,"$219,512.20",,,,,,,,,,
Kinkaid,Keith,NJD,1989-07-04,Farmingville,NY,USA,USA,75,195,L,,,,26,23,3,8,13,0,3,778,713,65,.916,2.64,2.3,1476.1,1,0,1,1,0,0,6,6,2.52,8.92%,1360.0,672,63,.914,2.78,12,52.2%,4,1,116.1,41,2,.953,1.03,25.4,53,56,109,182,35,.808,336,29,259,3,.917,618,44,.929,143,18,.874,17,3,.824,.918,1385,1049,777,69.7,67,.952,.910,2.7,45.7%,476,565,450,1211,925,699,62.0,56,35,33,5,1,.800,1,1,,UFA,"$750,000.00","$725,000.00",105.5,3,2,2,7,4.9,1,Knee,"$8,841.46",,,,,,,,,,
Korpisalo,Joonas,CBJ,1994-04-28,Pori,,FIN,FIN,75,190,L,2012,3,62,14,13,1,7,5,0,1,401,363,38,.905,2.88,-3.3,790.5,1,0,0,0,0,0,1,1,2.68,8.76%,777.5,358,38,.904,2.93,6,46.2%,2,0,13.0,5,0,1.000,0.00,27.1,26,35,61,94,18,.809,164,14,143,6,.906,343,32,.907,55,6,.891,3,0,1.000,.907,776,590,401,39.8,38,.951,.901,1.8,45.8%,249,295,250,713,538,428,35.3,49,28,30,0,0,.000,0,0,,RFA,"$792,500.00","$742,500.00",113.0,1,1,1,3,2.0,,, ,,,,,,,,,,
Kuemper,Darcy,MIN,1990-05-05,Saskatoon,SK,CAN,CAN,77,215,L,2009,6,161,18,17,1,8,5,0,3,562,507,55,.902,3.13,-6.4,1053.0,0,0,1,1,4,2,1,-1,2.96,8.46%,997.7,489,53,.902,3.19,5,29.4%,3,2,55.4,18,2,.900,2.17,29.2,34,41,75,104,23,.779,212,22,246,10,.892,493,46,.907,61,8,.869,8,1,.875,.900,1046,791,562,46.2,55,.947,.918,-8.8,48.2%,328,352,387,970,742,558,52.0,63,49,50,0,0,.000,0,0,,UFA,"$1,550,000.00","$1,550,000.00",114.9,3,0,0,3,2.6,,, ,,,,,,,,,,
Lack,Eddie,CAR,1988-01-05,Norrtälje,,SWE,SWE,76,187,L,,,,20,18,2,8,7,0,3,492,444,48,.902,2.64,-5.4,1089.9,1,0,0,0,0,0,2,2,2.68,8.53%,1078.4,437,48,.901,2.67,9,50.0%,3,0,11.4,7,0,1.000,0.00,34.1,42,50,92,129,26,.798,156,15,180,3,.909,440,38,.914,45,9,.800,7,1,.857,.896,926,700,465,46.7,44,.952,.899,2.7,54.1%,345,293,293,990,719,522,48.6,40,47,55,3,1,.667,1,0,,UFA,"$2,500,000.00","$2,750,000.00",105.5,1,1,0,2,2.3,29,"Concussion, Neck","$972,560.98",,,,,,,,,,
Langhamer,Marek,ARI,1994-07-22,Moravska Trebova,,CZE,CZE,74,193,L,2012,7,184,1,0,1,0,0,0,0,8,7,1,.875,3.87,-0.3,15.5,0,0,0,0,0,0,0,0,0.70,8.77%,0.0,0,0,.000,0.00,0,0.0%,0,,15.5,7,1,.875,3.87,34.2,1,0,1,2,0,1.000,1,0,5,1,.924,6,1,.833,1,0,1.000,1,0,1.000,.862,18,11,8,0.7,1,.944,.909,-.3,33.3%,3,6,2,5,4,4,0.2,0,0,0,0,0,.000,0,0,,RFA,"$673,334.00","$648,333.00",88.9,,,,,0.0,,, ,,,,,,,,,,
Lehner,Robin,BUF,1991-07-24,Gothenburg,,SWE,SWE,76,239,L,2009,2,46,59,58,1,23,26,0,8,1910,1758,152,.920,2.68,13.3,3405.5,2,0,1,1,6,3,2,-1,2.59,8.59%,3366.0,1734,152,.919,2.71,32,55.2%,6,3,39.5,24,0,1.000,0.00,31.6,115,131,246,404,84,.792,664,57,844,11,.913,1570,117,.925,294,32,.891,46,3,.935,.921,3321,2566,1912,151.2,152,.954,.921,-.8,48.6%,1111,1177,1066,2970,2291,1707,147.2,139,114,149,8,8,.000,0,4,,RFA,"$3,150,000.00","$2,225,000.00",110.8,3,5,5,13,12.9,7,"Illness, Hip, Flu, Upper body","$189,939.02",,,,,,,,,,
Lehtonen,Kari,DAL,1983-11-16,Helsinki,,FIN,FIN,76,190,L,2002,1,2,59,52,7,22,25,0,7,1546,1395,151,.902,2.85,-17.2,3177.2,3,0,1,1,4,2,5,3,2.81,8.57%,2922.2,1278,140,.901,2.87,27,51.9%,12,7,254.9,117,11,.914,2.59,30.9,140,136,276,410,84,.795,587,51,550,16,.907,1293,103,.920,211,41,.806,42,7,.833,.902,3061,2214,1547,155.6,151,.951,.899,4.6,47.3%,1048,1168,1059,3010,2218,1592,148.8,143,122,134,11,5,.545,1,2,M-NTC,UFA,"$6,000,000.00","$5,900,000.00",114.6,5,3,3,11,7.1,,, ,,,,,,,,,,
Leighton,Michael,CAR,1981-05-19,Petrolia,ON,CAN,CAN,75,186,L,1999,6,165,4,3,1,2,2,0,0,92,80,12,.870,3.42,-4.0,210.3,0,0,1,1,0,0,0,0,3.03,8.53%,175.7,67,9,.882,3.07,1,33.3%,1,0,34.6,13,3,.813,5.20,28.2,12,7,19,23,6,.739,39,5,30,1,.876,73,11,.849,18,1,.944,1,0,1.000,.867,188,131,92,9.1,12,.936,.901,-2.9,60.7%,68,44,72,192,142,112,10.6,13,13,7,0,0,.000,0,0,,UFA,"$700,000.00","$700,000.00",108.4,1,0,0,1,0.1,,, ,,,,,,,,,,
Lindgren,Charlie,MTL,1993-12-18,Lakeville,MN,USA,USA,74,190,R,,,,2,2,0,2,0,0,0,59,56,3,.949,1.48,2.1,121.7,0,0,0,0,0,0,0,0,3.24,7.88%,121.7,56,3,.949,1.48,2,100.0%,0,0,0.0,0,0,.000,0.00,33.0,2,4,6,10,1,.900,26,2,23,0,.947,54,3,.944,1,0,1.000,4,0,1.000,.954,93,80,59,4.9,3,.968,.917,1.9,43.8%,32,41,34,104,82,61,6.6,7,6,6,0,0,.000,0,0,,RFA,"$925,000.00","$925,000.00",97.1,0,0,1,1,0.6,,, ,,,,,,,,,,
Lundqvist,Henrik,NYR,1982-03-02,Are,,SWE,SWE,73,188,L,2000,7,205,57,55,2,31,20,0,4,1650,1502,148,.910,2.74,-5.2,3240.4,2,0,1,1,0,0,6,6,2.72,8.62%,3195.6,1481,141,.913,2.65,32,58.2%,8,5,44.9,21,7,.750,9.36,29.7,102,158,260,410,70,.829,609,63,631,15,.911,1415,116,.918,197,27,.863,38,5,.868,.909,3140,2306,1650,151.7,148,.953,.908,3.7,49.5%,1049,1070,1040,2878,2180,1524,147.1,157,100,139,18,8,.556,3,3,NMC,UFA,"$9,500,000.00","$8,500,000.00",111.4,14,2,1,17,9.1,8,"Flu, Hip","$829,268.29",,,,,,,,,,
Luongo,Roberto,FLA,1979-04-04,Montreal,QC,CAN,CAN,75,217,L,1997,1,4,40,39,1,17,15,0,6,1217,1113,104,.915,2.68,1.3,2326.6,1,0,1,1,4,2,5,3,2.47,8.57%,2314.0,1104,101,.916,2.62,21,53.8%,1,2,12.5,9,3,.750,14.36,32.5,89,92,181,274,51,.814,504,43,440,10,.915,1010,89,.912,170,13,.924,37,2,.946,.914,2017,1582,1218,103.4,104,.948,.915,-.6,52.2%,830,759,733,2151,1644,1197,95.9,91,65,88,22,7,.682,3,4,M-NTC,UFA,"$6,714,000.00","$5,333,333.00",107.5,3,5,3,11,7.4,21,"Undisclosed, Upper body, Lower body","$1,365,853.57",,,,,,,,,,
Markstrom,Jacob,VAN,1990-01-31,Gävle,,SWE,SWE,78,196,L,2008,2,31,26,23,3,10,11,0,3,692,630,62,.910,2.63,-2.1,1417.0,0,0,0,0,2,1,0,-1,2.30,8.55%,1392.4,624,61,.911,2.63,12,52.2%,2,0,24.6,6,1,.857,2.44,29.4,38,40,78,175,36,.794,296,21,222,5,.915,556,45,.919,114,15,.868,22,2,.909,.911,1225,949,693,64.2,62,.949,.907,2.2,54.2%,523,442,469,1178,894,648,54.4,52,31,48,9,1,.889,2,1,,UFA,"$1,600,000.00","$1,550,000.00",101.8,3,0,4,7,3.8,21,Lower body,"$396,951.22",,,,,,,,,,
Martin,Spencer,COL,1995-06-08,Oakville,ON,CAN,CAN,75,210,L,2013,3,63,3,3,0,0,2,0,1,96,83,13,.865,4.35,-4.7,179.4,0,0,0,0,0,0,0,0,2.28,8.09%,179.4,83,13,.865,4.35,0,0.0%,1,0,0.0,0,0,.000,0.00,12.2,5,4,9,17,3,.824,70,10,9,0,.903,79,11,.861,15,2,.867,2,0,1.000,.865,169,130,96,9.6,13,.923,.900,-3.4,50.0%,55,55,57,160,112,79,6.8,4,2,9,0,0,.000,0,0,,RFA,"$742,500.00","$728,333.00",110.0,,,,,0.0,,, ,,,,,,,,,,
Mason,Steve,PHI,1988-05-29,Oakville,ON,CAN,CAN,76,210,R,2006,3,69,58,54,4,26,21,0,8,1556,1413,143,.908,2.66,-8.3,3224.6,3,0,1,1,0,0,2,2,2.63,8.67%,3101.8,1374,139,.908,2.69,26,48.1%,11,6,122.8,39,4,.907,1.95,35.2,135,163,298,357,84,.765,571,48,628,11,.905,1297,105,.919,213,33,.845,46,5,.891,.908,3021,2165,1556,140.5,143,.953,.910,-2.5,51.9%,1076,998,1000,3083,2259,1588,141.3,140,137,151,36,8,.778,5,4,,UFA,"$4,100,000.00","$4,100,000.00",113.6,3,6,6,15,8.2,1,Illness,"$50,000.00",,,,,,,,,,
Mazanec,Marek,NSH,1991-07-18,Pisek,,CZE,CZE,76,187,R,2012,6,179,4,2,2,0,2,0,0,87,73,14,.839,4.73,-6.5,177.6,0,0,1,1,0,0,0,0,3.27,8.91%,118.4,48,11,.814,5.57,0,0.0%,2,0,59.2,25,3,.893,3.04,42.6,1,12,13,24,9,.625,30,5,33,0,.847,68,9,.868,17,4,.765,2,1,.500,.844,158,127,87,8.2,14,.911,.906,-5.8,53.0%,62,55,62,193,148,103,9.7,7,10,10,0,0,.000,0,0,,RFA,"$575,000.00","$575,000.00",118.6,,,,,-0.2,,, ,,,,,,,,,,
McElhinney,Curtis,"CBJ, TOR",1983-05-23,London,ON,CAN,CAN,75,200,L,2002,6,176,21,15,6,8,8,0,2,616,565,51,.917,2.70,2.3,1134.7,1,0,0,0,0,0,1,1,3.14,8.44%,907.3,479,38,.926,2.51,9,60.0%,0,0,227.3,86,13,.869,3.43,34.8,42,43,85,161,23,.857,209,21,246,7,.917,512,37,.928,96,13,.865,8,1,.875,.917,1106,856,616,56.3,51,.954,.909,5.3,52.2%,422,386,343,1163,877,597,59.3,46,44,51,5,1,.800,2,0,,UFA,"$800,000.00","$800,000.00",120.0,3,1,2,6,3.9,,, ,,,,,,,,,,
McIntyre,Zane,BOS,1992-08-20,Grand Forks,ND,USA,USA,74,206,L,2010,6,165,8,3,5,0,4,0,1,155,133,22,.858,3.97,-8.6,332.6,0,0,0,0,0,0,0,0,2.94,9.19%,180.7,72,12,.857,3.99,0,0.0%,1,0,152.0,61,10,.859,3.95,38.1,7,16,23,37,12,.676,53,9,65,1,.852,121,17,.860,28,4,.857,6,1,.833,.859,290,206,155,13.4,22,.924,.914,-8.6,55.5%,122,98,112,366,274,199,16.3,13,8,28,0,0,.000,0,0,,RFA,"$925,000.00","$925,000.00",118.3,,,,,-0.1,,, ,,,,,,,,,,
Miller,Ryan,VAN,1980-07-17,East Lansing,MI,USA,USA,74,168,L,1999,5,138,54,54,0,18,29,0,6,1737,1587,150,.914,2.80,0.3,3211.9,3,0,1,1,22,1,2,1,2.31,8.72%,3211.9,1587,150,.914,2.80,26,48.1%,7,3,0.0,0,0,.000,0.00,29.8,98,124,222,424,85,.800,682,49,631,16,.915,1460,111,.924,237,35,.852,40,4,.900,.913,2998,2315,1737,151.3,150,.950,.913,1.3,47.8%,1037,1134,1017,2684,1950,1432,123.7,109,90,110,10,2,.800,2,1,M-NTC,UFA,"$6,000,000.00","$6,000,000.00",106.1,10,4,3,17,10.3,4,"Undisclosed, Flu, Ankle","$292,682.93",,,,,,,,,,
Montoya,Al,MTL,1985-02-13,Chicago,IL,USA,USA,74,209,L,2004,1,6,19,18,1,8,6,0,4,569,519,50,.912,2.67,-0.8,1124.9,2,0,2,2,2,1,0,-1,2.55,8.68%,1094.4,514,50,.911,2.74,12,66.7%,2,0,30.5,5,0,1.000,0.00,30.2,37,48,85,136,24,.824,218,22,215,4,.912,483,38,.921,77,12,.844,9,0,1.000,.912,998,770,569,51.0,50,.950,.910,1.0,50.6%,413,404,378,1045,759,542,47.9,46,32,61,6,3,.500,0,2,,UFA,"$950,000.00","$950,000.00",109.0,1,2,2,5,3.3,6,Lower body,"$69,512.20",,,,,,,,,,
Mrazek,Petr,DET,1992-02-14,Ostrava,,CZE,CZE,74,183,L,2010,5,141,50,44,6,18,21,0,9,1462,1317,145,.901,3.04,-18.5,2857.5,1,0,0,0,2,1,3,2,2.46,8.74%,2609.1,1222,131,.903,3.01,19,43.2%,9,2,248.4,95,14,.872,3.38,29.4,76,99,175,354,71,.799,583,59,484,12,.904,1225,109,.911,211,31,.853,26,5,.808,.900,2509,1936,1421,128.1,142,.943,.910,-13.9,52.0%,923,852,885,2334,1806,1285,117.4,115,64,91,30,4,.867,6,0,,RFA,"$3,850,000.00","$4,000,000.00",101.7,3,4,6,13,6.5,,, ,,,,,,,,,,
Murray,Matt,PIT,1994-05-25,Thunder Bay,ON,CAN,CAN,76,178,L,2012,3,83,49,47,2,32,10,0,4,1450,1339,111,.923,2.41,14.5,2765.8,4,0,2,2,0,0,3,3,3.19,8.51%,2723.7,1316,110,.923,2.42,26,55.3%,4,4,42.1,23,1,.958,1.42,30.4,142,105,247,377,67,.822,560,35,513,9,.927,1185,80,.932,207,25,.879,58,6,.897,.924,2700,1946,1450,136.4,111,.959,.906,25.4,50.9%,979,946,941,2622,2009,1530,146.9,167,133,97,9,3,.667,2,2,,RFA,"$575,000.00","$628,333.00",115.5,2,5,2,9,10.3,8,"Hand, Lower body","$61,300.78",,,,,,,,,,
Nedeljkovic,Alex,CAR,1996-01-07,Parma,OH,USA,USA,72,198,L,2014,2,37,1,0,1,0,0,0,0,17,17,0,1.000,0.00,1.5,30.0,0,0,0,0,2,1,0,-1,2.12,9.40%,0.0,0,0,.000,0.00,0,0.0%,0,,30.0,17,0,1.000,0.00,0.0,0,2,2,0,0,.000,17,0,0,0,.384,16,0,1.000,1,0,1.000,0,0,.000,.977,27,23,17,1.5,0,1.000,.910,1.5,59.1%,13,9,8,24,16,11,1.1,0,3,0,0,0,.000,0,0,,,,,102.2,,,,,0.3,,, ,,,,,,,,,,
Neuvirth,Michal,PHI,1988-03-23,Ústí nad Labem,,CZE,CZE,73,209,L,2006,2,34,28,24,4,11,11,0,1,586,522,64,.891,2.82,-13.3,1363.6,0,0,0,0,2,1,0,-1,2.86,8.71%,1269.5,487,61,.889,2.88,10,41.7%,4,5,94.2,35,3,.921,1.91,37.5,48,68,116,130,33,.746,246,20,210,11,.889,497,49,.901,74,13,.824,15,2,.867,.889,1189,818,586,50.6,64,.946,.914,-13.5,55.3%,510,412,454,1412,1026,743,65.0,46,59,66,6,0,1.000,2,0,,UFA,"$1,750,000.00","$1,625,000.00",114.4,0,1,1,2,1.9,27,"Knee, Undisclosed","$535,060.98",,,,,,,,,,
Niemi,Antti,DAL,1983-08-29,Vantaa,,FIN,FIN,74,215,L,,,,37,30,7,12,12,0,4,880,785,95,.892,3.30,-18.8,1728.5,0,0,0,0,0,0,1,1,2.94,8.92%,1532.5,723,84,.896,3.29,14,46.7%,7,7,196.0,62,11,.849,3.37,33.2,92,76,168,218,50,.771,308,36,355,9,.891,710,68,.904,140,23,.836,30,4,.867,.893,1732,1257,881,85.1,95,.945,.903,-9.9,46.8%,563,639,583,1731,1296,851,84.8,76,66,72,0,0,.000,0,0,NTC,UFA,"$4,500,000.00","$4,500,000.00",120.2,5,2,0,7,3.0,,, ,,,,,,,,,,
Nilsson,Anders,BUF,1990-03-19,Lulea,,SWE,SWE,78,229,L,2009,3,62,26,23,3,10,10,0,4,857,791,66,.923,2.67,8.2,1484.3,1,0,0,0,0,0,0,0,2.44,8.81%,1359.5,711,61,.921,2.69,11,47.8%,2,1,124.8,80,5,.941,2.40,28.8,71,58,129,198,32,.838,350,28,311,7,.922,684,46,.933,158,20,.873,15,0,1.000,.926,1546,1197,859,79.1,67,.957,.908,12.1,45.5%,465,557,452,1315,997,714,60.3,56,44,75,18,6,.667,2,2,,UFA,"$1,000,000.00","$1,000,000.00",115.7,4,1,1,6,6.0,3,Undisclosed,"$36,585.37",,,,,,,,,,
Pavelec,Ondrej,WPG,1987-08-31,Kladno,,CZE,CZE,75,215,L,2005,2,41,8,8,0,4,4,0,0,233,207,26,.888,3.55,-5.8,439.5,0,0,0,0,0,0,0,0,2.77,8.59%,439.5,207,26,.888,3.55,2,25.0%,2,1,0.0,0,0,.000,0.00,13.5,22,18,40,32,7,.781,166,18,35,1,.896,190,18,.905,33,6,.818,10,2,.800,.890,401,295,233,20.5,26,.935,.912,-5.5,49.5%,139,142,149,397,302,221,20.3,28,12,29,0,0,.000,0,0,,UFA,"$4,750,000.00","$3,900,000.00",108.9,0,2,1,3,0.7,24,"Lower body, Knee","$1,141,463.41",,,,,,,,,,
Peters,Justin,ARI,1986-08-30,Blyth,ON,CAN,CAN,73,210,L,2004,2,38,3,1,2,0,1,0,0,70,63,7,.900,3.16,-0.9,132.9,0,0,0,0,0,0,0,0,2.42,8.24%,58.7,30,4,.882,4.09,0,0.0%,0,0,74.2,33,3,.917,2.43,26.3,8,4,12,11,3,.727,39,3,20,1,.887,66,5,.924,4,2,.500,0,0,.000,.841,116,92,70,6.5,7,.940,.907,-.5,50.6%,41,40,44,108,84,65,5.4,6,7,5,0,0,.000,0,0,,UFA,"$600,000.00","$600,000.00",101.1,,,,,0.3,,, ,,,,,,,,,,
Pickard,Calvin,COL,1992-04-15,Moncton,NB,CAN,CAN,73,200,L,2010,2,49,50,48,2,15,31,0,2,1461,1321,140,.904,2.98,-13.6,2820.3,2,0,2,2,2,1,3,2,2.25,8.80%,2769.0,1306,139,.904,3.01,21,43.8%,11,3,51.3,15,1,.938,1.17,32.3,104,89,193,320,81,.747,523,46,618,13,.898,1216,104,.914,211,35,.834,34,1,.971,.904,2585,1997,1461,120.1,140,.946,.918,-19.9,47.3%,920,1027,870,2441,1818,1283,105.9,91,74,81,4,1,.750,1,1,,RFA,"$925,000.00","$1,000,000.00",106.9,3,4,8,15,7.1,,, ,,,,,,,,,,
Price,Carey,MTL,1987-08-16,Anahim Lake,BC,CAN,CAN,75,226,L,2005,1,5,62,62,0,37,20,0,5,1794,1656,138,.923,2.23,17.3,3708.1,3,0,1,1,4,2,5,3,2.62,8.60%,3708.1,1656,138,.923,2.23,38,61.3%,8,1,0.0,0,0,.000,0.00,34.3,127,238,365,422,65,.846,638,54,734,19,.921,1487,97,.935,263,35,.867,44,6,.864,.923,3378,2408,1794,158.3,138,.959,.912,20.3,46.7%,1158,1323,1185,3505,2554,1822,161.7,167,157,253,11,3,.727,3,0,"M-NTC, NMC",UFA,"$7,000,000.00","$6,500,000.00",111.4,9,9,6,24,12.6,3,Flu,"$237,804.88",,,,,,,,,,
Quick,Jonathan,LAK,1986-01-21,Milford,CT,USA,USA,73,218,L,2005,3,72,17,17,0,8,5,0,2,421,386,35,.917,2.26,1.4,931.0,2,0,0,0,2,1,4,3,2.83,8.96%,931.0,386,35,.917,2.26,11,64.7%,2,2,0.0,0,0,.000,0.00,32.3,43,62,105,118,25,.788,146,7,157,3,.924,360,27,.925,55,8,.855,6,0,1.000,.916,833,633,421,45.8,35,.958,.891,10.8,54.1%,364,309,275,938,684,460,43.9,36,49,45,3,0,1.000,1,0,,UFA,"$7,000,000.00","$5,800,000.00",114.1,3,3,1,7,2.7,59,Lower body,"$4,173,170.73",,,,,,,,,,
Raanta,Antti,NYR,1989-05-12,Rauma,,FIN,FIN,72,195,L,,,,30,26,4,16,8,0,2,782,721,61,.922,2.26,6.7,1617.3,4,0,1,1,0,0,2,2,2.85,8.64%,1517.8,690,54,.927,2.13,18,69.2%,1,2,99.6,31,7,.816,4.22,31.8,42,58,100,191,33,.827,293,24,298,4,.923,656,43,.934,112,18,.839,14,0,1.000,.922,1464,1083,782,68.5,61,.958,.912,7.5,48.0%,510,553,508,1469,1135,832,76.8,84,44,62,2,1,.500,0,1,,UFA,"$1,000,000.00","$1,000,000.00",108.8,4,4,1,9,5.4,5,Lower body,"$60,975.61",,,,,,,,,,
Rask,Tuukka,BOS,1987-03-10,Savonlinna,,FIN,FIN,75,176,L,2005,1,21,65,64,1,37,20,0,5,1610,1473,137,.915,2.23,2.3,3679.5,8,0,2,2,0,0,0,0,2.70,8.58%,3660.0,1465,137,.914,2.25,31,48.4%,14,6,19.5,8,0,1.000,0.00,35.8,88,112,200,335,63,.812,610,61,666,13,.910,1323,107,.919,250,28,.888,37,2,.946,.915,3124,2294,1611,136.3,137,.956,.915,-.8,51.6%,1316,1234,1214,3595,2752,2013,165.5,180,110,144,24,6,.750,1,3,NMC,UFA,"$7,500,000.00","$7,000,000.00",109.6,14,4,8,26,9.8,4,Lower body,"$341,463.41",,,,,,,,,,
Reimer,James,FLA,1988-03-15,Morweena,MB,CAN,CAN,74,217,L,2006,4,99,43,39,4,18,16,0,5,1222,1124,98,.920,2.53,7.8,2324.6,3,0,0,0,2,1,2,1,2.53,8.80%,2265.4,1082,97,.918,2.57,19,48.7%,4,4,59.2,42,1,.977,1.01,33.3,83,87,170,277,52,.812,478,37,467,9,.918,1035,73,.929,166,21,.873,21,4,.810,.919,2059,1635,1222,103.2,98,.952,.916,5.2,49.9%,792,794,714,2107,1657,1217,97.9,98,67,97,14,4,.714,2,2,,UFA,"$4,500,000.00","$3,400,000.00",107.5,3,5,5,13,8.1,3,Undisclosed,"$124,390.24",,,,,,,,,,
Rinne,Pekka,NSH,1982-11-03,Kempele,,FIN,FIN,77,217,L,2004,8,258,61,61,0,31,19,0,9,1757,1613,144,.918,2.42,8.1,3567.8,3,0,0,0,4,2,3,1,2.59,8.56%,3567.8,1613,144,.918,2.42,34,55.7%,7,4,0.0,0,0,.000,0.00,32.8,107,128,235,354,78,.780,683,53,720,13,.911,1462,106,.927,255,34,.867,40,4,.900,.918,3233,2431,1757,145.3,144,.955,.917,1.3,50.3%,1247,1230,1141,3403,2523,1807,153.8,165,104,163,15,4,.733,2,3,"M-NTC, NMC",UFA,"$7,000,000.00","$7,000,000.00",111.6,5,9,10,24,11.3,2,"Illness, Lower body","$170,731.71",,,,,,,,,,
Rittich,David,CGY,1992-08-19,Jihlava,,CZE,CZE,75,202,L,,,,1,0,1,0,0,0,0,10,9,1,.900,3.00,-0.1,20.0,0,0,0,0,0,0,0,0,2.43,8.48%,0.0,0,0,.000,0.00,0,0.0%,0,,20.0,9,1,.900,3.00,18.1,0,0,0,2,1,.500,6,0,2,0,.882,6,0,1.000,4,1,.750,0,0,.000,.941,21,13,10,0.8,1,.952,.925,-.3,41.7%,5,7,6,15,8,6,0.8,0,3,0,0,0,.000,0,0,,,,,108.0,,,,,0.0,,, ,,,,,,,,,,
Saros,Juuse,NSH,1995-04-19,Forssa,,FIN,FIN,71,180,L,2013,4,99,21,19,2,10,8,0,3,614,567,47,.923,2.35,6.1,1199.9,1,0,1,1,0,0,0,0,2.66,8.77%,1137.0,534,43,.925,2.27,13,68.4%,1,0,62.9,33,4,.892,3.81,31.0,37,46,83,121,25,.793,260,19,233,3,.918,514,40,.922,87,7,.920,13,0,1.000,.924,1159,886,614,55.9,47,.959,.909,8.9,46.1%,387,453,379,1091,816,611,53.3,63,51,57,2,2,.000,0,1,,RFA,"$667,500.00","$692,500.00",112.5,4,1,5,10,4.4,,, ,,,,,,,,,,
Schneider,Cory,NJD,1986-03-18,Marblehead,MA,USA,USA,75,205,L,2004,1,26,60,59,1,20,27,0,11,1781,1618,163,.908,2.82,-8.9,3472.8,2,0,0,0,0,0,3,3,2.32,8.73%,3444.3,1600,163,.908,2.84,27,45.8%,7,3,28.6,18,0,1.000,0.00,30.1,86,117,203,427,74,.827,705,69,613,17,.911,1487,119,.920,242,35,.855,52,9,.827,.908,3066,2393,1745,155.9,160,.948,.911,-4.1,46.0%,1041,1223,1063,2710,2114,1517,134.1,118,70,93,11,3,.727,2,2,NTC,UFA,"$6,000,000.00","$6,000,000.00",99.8,5,4,7,16,9.5,,, ,,,,,,,,,,
Smith,Jeremy,COL,1989-04-13,Dearborn,MI,USA,USA,72,177,L,2007,2,54,10,8,2,1,6,0,1,286,254,32,.888,3.54,-7.2,542.7,0,0,0,0,0,0,0,0,2.13,8.55%,478.6,233,30,.886,3.76,3,37.5%,3,0,64.1,21,2,.913,1.87,33.7,19,20,39,64,21,.672,101,8,121,3,.882,248,24,.903,34,7,.794,4,1,.750,.884,487,377,286,24.5,32,.934,.914,-7.5,50.1%,174,173,154,476,342,242,19.3,21,10,24,2,1,.500,0,1,,UFA,"$675,000.00","$675,000.00",106.5,0,0,1,1,0.8,,, ,,,,,,,,,,
Smith,Mike,ARI,1982-03-22,Kingston,ON,CAN,CAN,76,215,L,2001,5,161,55,55,0,19,26,0,9,1819,1663,156,.914,2.92,1.4,3202.1,3,0,0,0,14,7,3,-4,2.45,8.67%,3202.1,1663,156,.914,2.92,27,49.1%,7,6,0.0,0,0,.000,0.00,27.9,155,128,283,462,85,.816,693,56,664,15,.917,1544,118,.924,238,33,.861,37,5,.865,.913,3430,2657,1819,176.0,156,.955,.903,20.0,43.9%,980,1252,1009,2726,2069,1470,130.8,118,132,105,13,5,.615,3,2,NTC,UFA,"$6,500,000.00","$5,666,667.00",115.3,7,4,6,17,10.9,13,"Lower body, Illness","$898,374.04",,,,,,,,,,
Stalock,Alex,MIN,1987-07-28,St. Paul,MN,USA,USA,72,187,L,2005,4,112,2,2,0,1,1,0,0,54,51,3,.944,1.51,1.7,118.9,0,0,0,0,0,0,0,0,1.89,8.51%,118.9,51,3,.944,1.51,2,100.0%,0,0,0.0,0,0,.000,0.00,36.3,3,3,6,11,1,.909,20,2,23,0,.940,42,3,.929,12,0,1.000,0,0,.000,.918,99,76,54,4.2,3,.970,.923,1.2,41.2%,35,50,45,101,77,56,3.8,5,2,8,0,0,.000,0,0,,UFA,"$650,000.00","$650,000.00",100.9,0,0,1,1,0.5,,, ,,,,,,,,,,
Stolarz,Anthony,PHI,1994-01-20,Edison,NJ,USA,USA,78,210,L,2012,2,45,7,4,3,2,1,0,1,181,168,13,.928,2.07,2.7,376.1,1,0,0,0,0,0,0,0,3.03,8.49%,245.1,109,10,.916,2.45,2,50.0%,1,0,131.0,59,3,.952,1.37,33.4,14,14,28,46,9,.804,61,4,74,0,.928,146,7,.952,30,4,.867,5,2,.600,.931,319,244,181,16.3,13,.959,.910,3.3,52.5%,127,115,123,351,263,195,19.0,12,11,17,3,2,.333,0,1,,RFA,"$725,000.00","$753,333.00",106.9,1,1,1,3,1.4,,, ,,,,,,,,,,
Subban,Malcolm,BOS,1993-12-21,Toronto,ON,CAN,CAN,74,200,L,2012,1,24,1,1,0,0,1,0,0,16,13,3,.813,5.88,-1.6,30.6,0,0,0,0,0,0,0,0,2.86,9.84%,30.6,13,3,.813,5.88,0,0.0%,1,1,0.0,0,0,.000,0.00,0.0,1,2,3,0,0,.000,16,3,0,0,.312,14,2,.857,2,1,.500,0,0,.000,.785,25,23,16,1.5,3,.880,.904,-1.5,72.2%,13,5,8,30,22,14,1.5,0,0,1,0,0,.000,0,0,,RFA,"$832,500.00","$863,333.00",107.8,,,,,-0.1,,, ,,,,,,,,,,
Talbot,Cam,EDM,1987-07-05,Caledonia,ON,CAN,CAN,75,199,L,,,,73,73,0,42,22,0,8,2117,1946,171,.919,2.39,12.2,4294.0,7,0,0,0,4,2,2,0,2.91,8.62%,4294.0,1946,171,.919,2.39,43,58.9%,10,6,0.0,0,0,.000,0.00,30.8,180,240,420,590,110,.814,823,48,707,14,.926,1759,129,.927,317,39,.877,41,3,.927,.919,4029,2906,2120,210.2,172,.957,.901,38.2,49.5%,1406,1433,1333,3989,2974,2160,207.9,205,140,199,27,11,.593,4,5,NMC,UFA,"$4,150,000.00","$4,166,667.00",112.0,11,8,2,21,14.0,,, ,,,,,,,,,,
Tokarski,Dustin,ANA,1989-09-16,Watson,SK,CAN,CAN,72,205,L,2008,5,122,1,0,1,0,0,0,0,5,5,0,1.000,0.00,0.4,9.8,0,0,0,0,0,0,0,0,2.27,9.40%,0.0,0,0,.000,0.00,0,0.0%,0,,9.8,5,0,1.000,0.00,23.6,0,0,0,3,0,1.000,1,0,1,0,1.000,3,0,1.000,2,0,1.000,0,0,.000,.977,8,7,5,0.7,0,1.000,.868,.7,25.0%,1,3,1,7,6,4,0.4,0,0,0,0,0,.000,0,0,,,,,92.0,,,,,0.1,,, ,,,,,,,,,,
Ullmark,Linus,BUF,1993-07-31,Lugnvik,,SWE,SWE,76,221,L,2012,6,163,1,1,0,0,1,0,0,36,33,3,.917,3.06,0.1,58.7,0,0,0,0,0,0,0,0,1.28,8.97%,58.7,33,3,.917,3.06,1,100.0%,0,0,0.0,0,0,.000,0.00,34.4,4,3,7,9,2,.778,16,0,11,1,.913,28,2,.929,5,0,1.000,3,1,.667,.933,55,43,36,3.2,3,.945,.910,.2,31.1%,14,31,16,43,33,24,1.3,2,0,5,0,0,.000,0,0,,RFA,"$892,500.00","$775,833.00",100.1,,,,,0.2,,, ,,,,,,,,,,
Varlamov,Semyon,COL,1988-04-27,Samara,,RUS,RUS,74,209,L,2006,1,23,24,23,1,6,17,0,0,745,669,76,.898,3.38,-11.5,1347.8,1,0,1,1,0,0,0,0,2.05,8.91%,1315.0,659,70,.904,3.19,11,47.8%,5,2,32.8,10,6,.625,10.98,29.8,56,56,112,183,42,.770,277,28,285,6,.899,596,57,.904,128,19,.852,21,0,1.000,.899,1314,981,745,61.7,76,.942,.917,-14.3,47.5%,443,490,429,1100,810,601,46.0,44,34,51,0,0,.000,0,0,,UFA,"$6,000,000.00","$5,900,000.00",107.5,3,3,1,7,3.1,50,"Upper body, Groin, Hip","$3,597,560.98",,,,,,,,,,
Vasilevskiy,Andrei,TBL,1994-07-25,Tyumen,,RUS,RUS,75,207,L,2012,1,19,50,47,3,23,17,0,7,1480,1357,123,.917,2.61,5.1,2831.3,2,0,2,2,2,1,2,1,2.47,8.65%,2745.3,1320,121,.916,2.64,25,53.2%,5,3,86.0,37,2,.949,1.40,32.9,76,130,206,294,52,.823,601,51,585,20,.913,1199,94,.922,247,26,.895,34,3,.912,.917,2550,1979,1480,114.4,123,.952,.923,-8.6,48.2%,934,1005,881,2577,1935,1366,116.7,124,102,99,15,3,.800,1,2,,RFA,"$925,000.00","$925,000.00",108.7,4,8,2,14,9.3,,, ,,,,,,,,,,
Ward,Cam,CAR,1984-02-29,Saskatoon,SK,CAN,CAN,73,185,L,2002,1,25,61,61,0,26,22,0,12,1711,1549,162,.905,2.69,-13.9,3617.9,2,0,1,1,6,3,3,0,2.93,8.74%,3617.9,1549,162,.905,2.69,30,49.2%,9,3,0.0,0,0,.000,0.00,33.3,146,154,300,410,89,.783,651,58,651,15,.906,1521,137,.910,167,21,.874,23,4,.826,.903,3147,2389,1712,160.6,162,.949,.906,-1.4,54.9%,1233,1014,1096,3402,2517,1757,176.8,153,160,186,24,12,.500,2,6,M-NTC,UFA,"$3,500,000.00","$3,300,000.00",108.6,5,6,6,17,8.5,,, ,,,,,,,,,,
Zatkoff,Jeff,LAK,1987-06-09,Detroit,MI,USA,USA,74,186,L,2006,3,74,13,8,5,2,7,0,1,223,196,27,.879,2.94,-7.7,550.4,0,0,0,0,0,0,1,1,2.60,8.50%,436.5,147,23,.865,3.16,2,25.0%,4,2,113.9,49,4,.925,2.11,35.9,14,13,27,54,13,.759,74,11,95,3,.874,192,25,.870,27,1,.963,4,1,.750,.881,413,301,223,18.3,27,.935,.918,-8.7,55.4%,211,170,159,587,402,264,23.9,15,24,26,0,0,.000,0,0,,UFA,"$900,000.00","$900,000.00",109.0,,,,,0.4,11,Lower body,"$120,731.71",,,,,,,,,,
